year,origin,dest,status,COUNT,origin_enrolled,adj_count
2009,BVH,CPH,Approved,7,2368,295
2009,BVH,CVH,Approved,3,2368,126
2009,BVH,ELH,Approved,38,2368,1604
2009,BVH,ELH,Denied,8,2368,337
2009,BVH,HTH,Approved,10,2368,422
2009,BVH,MOH,Approved,3,2368,126
2009,BVH,MVH,Approved,1,2368,42
2009,BVH,OLH,Approved,24,2368,1013
2009,BVH,ORH,Approved,49,2368,2069
2009,BVH,SOH,Approved,4,2368,168
2009,BVH,SUH,Approved,10,2368,422
2009,BVM,ELM,Approved,14,1075,1302
2009,BVM,ELM,Denied,11,1075,1023
2009,BVM,GJH,Approved,4,1075,372
2009,BVM,HTM,Approved,3,1075,279
2009,BVM,HTM,Denied,1,1075,93
2009,BVM,MVM,Approved,1,1075,93
2009,BVM,RDM,Approved,41,1075,3813
2009,BVM,RDM,Denied,17,1075,1581
2009,CPH,BVH,Approved,9,1579,569
2009,CPH,BVH,Denied,7,1579,443
2009,CPH,CVH,Approved,17,1579,1076
2009,CPH,CVH,Denied,26,1579,1646
2009,CPH,ELH,Approved,15,1579,949
2009,CPH,ELH,Denied,3,1579,189
2009,CPH,HTH,Approved,56,1579,3546
2009,CPH,HTH,Denied,11,1579,696
2009,CPH,HTH,Pending,2,1579,126
2009,CPH,MOH,Approved,62,1579,3926
2009,CPH,MOH,Denied,4,1579,253
2009,CPH,MVH,Approved,6,1579,379
2009,CPH,OLH,Approved,35,1579,2216
2009,CPH,OLH,Denied,2,1579,126
2009,CPH,ORH,Approved,71,1579,4496
2009,CPH,ORH,Denied,2,1579,126
2009,CPH,SOH,Approved,12,1579,759
2009,CPH,SOH,Denied,2,1579,126
2009,CPH,SUH,Approved,7,1579,443
2009,CPH,SYH,Approved,41,1579,2596
2009,CPH,SYH,Denied,2,1579,126
2009,CPM,BVM,Approved,26,1096,2372
2009,CPM,BVM,Denied,16,1096,1459
2009,CPM,BVM,Pending,1,1096,91
2009,CPM,CVM,Approved,40,1096,3649
2009,CPM,CVM,Denied,29,1096,2645
2009,CPM,CVM,Pending,1,1096,91
2009,CPM,ELM,Approved,10,1096,912
2009,CPM,ELM,Denied,8,1096,729
2009,CPM,GJH,Approved,4,1096,364
2009,CPM,HTM,Approved,65,1096,5930
2009,CPM,HTM,Denied,48,1096,4379
2009,CPM,MOM,Approved,12,1096,1094
2009,CPM,MOM,Denied,4,1096,364
2009,CPM,MVM,Approved,5,1096,456
2009,CPM,NCM,Approved,4,1096,364
2009,CPM,RDM,Approved,40,1096,3649
2009,CPM,RDM,Denied,48,1096,4379
2009,CPM,RDM,Pending,1,1096,91
2009,CPM,SOM,Approved,4,1096,364
2009,CVH,BVH,Approved,13,2662,488
2009,CVH,BVH,Denied,8,2662,300
2009,CVH,CPH,Approved,52,2662,1953
2009,CVH,CPH,Denied,3,2662,112
2009,CVH,ELH,Approved,3,2662,112
2009,CVH,ELH,Denied,2,2662,75
2009,CVH,HTH,Approved,30,2662,1126
2009,CVH,HTH,Denied,10,2662,375
2009,CVH,MOH,Approved,14,2662,525
2009,CVH,MOH,Pending,1,2662,37
2009,CVH,MVH,Approved,3,2662,112
2009,CVH,OLH,Approved,9,2662,338
2009,CVH,ORH,Approved,16,2662,601
2009,CVH,ORH,Denied,1,2662,37
2009,CVH,SOH,Approved,8,2662,300
2009,CVH,SUH,Approved,24,2662,901
2009,CVH,SUH,Denied,4,2662,150
2009,CVH,SYH,Approved,15,2662,563
2009,CVH,SYH,Denied,2,2662,75
2009,CVM,BVM,Approved,17,1165,1459
2009,CVM,CPM,Approved,18,1165,1545
2009,CVM,CPM,Pending,1,1165,85
2009,CVM,ELM,Approved,1,1165,85
2009,CVM,ELM,Denied,4,1165,343
2009,CVM,GJH,Approved,3,1165,257
2009,CVM,HTM,Approved,39,1165,3347
2009,CVM,HTM,Denied,21,1165,1802
2009,CVM,MOM,Approved,5,1165,429
2009,CVM,MVM,Approved,2,1165,171
2009,CVM,NCM,Approved,8,1165,686
2009,CVM,NCM,Denied,1,1165,85
2009,CVM,RDM,Approved,11,1165,944
2009,CVM,RDM,Denied,4,1165,343
2009,CVM,SOM,Approved,3,1165,257
2009,ELH,BVH,Approved,39,2467,1580
2009,ELH,BVH,Denied,10,2467,405
2009,ELH,CPH,Approved,4,2467,162
2009,ELH,CPH,Pending,1,2467,40
2009,ELH,CVH,Approved,2,2467,81
2009,ELH,HTH,Approved,6,2467,243
2009,ELH,MOH,Approved,2,2467,81
2009,ELH,OLH,Approved,78,2467,3161
2009,ELH,ORH,Approved,35,2467,1418
2009,ELH,SUH,Approved,1,2467,40
2009,ELH,SYH,Approved,4,2467,162
2009,ELM,BVM,Approved,18,1581,1138
2009,ELM,BVM,Denied,1,1581,63
2009,ELM,CPM,Approved,2,1581,126
2009,ELM,CVM,Approved,3,1581,189
2009,ELM,GJH,Approved,3,1581,189
2009,ELM,HTM,Approved,7,1581,442
2009,ELM,MVM,Approved,1,1581,63
2009,ELM,RDM,Approved,36,1581,2277
2009,ELM,RDM,Denied,4,1581,253
2009,GJH,BVH,Denied,1,1079,92
2009,GJH,BVM,Approved,5,1079,463
2009,GJH,BVM,Denied,14,1079,1297
2009,GJH,CPH,Approved,2,1079,185
2009,GJH,CPM,Approved,1,1079,92
2009,GJH,CVH,Approved,2,1079,185
2009,GJH,CVH,Denied,1,1079,92
2009,GJH,CVM,Approved,7,1079,648
2009,GJH,CVM,Denied,1,1079,92
2009,GJH,ELH,Approved,1,1079,92
2009,GJH,ELH,Denied,1,1079,92
2009,GJH,ELM,Denied,4,1079,370
2009,GJH,HTH,Approved,3,1079,278
2009,GJH,HTM,Approved,16,1079,1482
2009,GJH,HTM,Denied,9,1079,834
2009,GJH,NCM,Approved,60,1079,5560
2009,GJH,NCM,Denied,16,1079,1482
2009,GJH,NCM,Pending,1,1079,92
2009,GJH,RDM,Denied,1,1079,92
2009,GJH,SUH,Approved,30,1079,2780
2009,GJH,SUH,Denied,10,1079,926
2009,GJH,SYH,Denied,1,1079,92
2009,HTH,BVH,Approved,28,2318,1207
2009,HTH,BVH,Denied,8,2318,345
2009,HTH,CPH,Approved,39,2318,1682
2009,HTH,CPH,Denied,1,2318,43
2009,HTH,CVH,Approved,24,2318,1035
2009,HTH,CVH,Pending,1,2318,43
2009,HTH,ELH,Approved,8,2318,345
2009,HTH,ELH,Denied,1,2318,43
2009,HTH,MOH,Approved,9,2318,388
2009,HTH,MVH,Approved,2,2318,86
2009,HTH,OLH,Approved,15,2318,647
2009,HTH,ORH,Approved,24,2318,1035
2009,HTH,ORH,Pending,1,2318,43
2009,HTH,SOH,Approved,2,2318,86
2009,HTH,SUH,Approved,6,2318,258
2009,HTH,SYH,Approved,16,2318,690
2009,HTM,BVM,Approved,39,1189,3280
2009,HTM,BVM,Pending,3,1189,252
2009,HTM,CPM,Approved,22,1189,1850
2009,HTM,CVM,Approved,15,1189,1261
2009,HTM,CVM,Denied,5,1189,420
2009,HTM,ELM,Approved,5,1189,420
2009,HTM,ELM,Denied,5,1189,420
2009,HTM,GJH,Approved,4,1189,336
2009,HTM,MOM,Approved,2,1189,168
2009,HTM,NCM,Approved,2,1189,168
2009,HTM,RDM,Approved,40,1189,3364
2009,HTM,RDM,Denied,29,1189,2439
2009,HTM,RDM,Pending,1,1189,84
2009,HTM,SOM,Approved,1,1189,84
2009,MOH,BVH,Approved,6,1716,349
2009,MOH,BVH,Denied,3,1716,174
2009,MOH,CPH,Approved,42,1716,2447
2009,MOH,CVH,Approved,13,1716,757
2009,MOH,CVH,Denied,1,1716,58
2009,MOH,ELH,Approved,5,1716,291
2009,MOH,ELH,Denied,6,1716,349
2009,MOH,HTH,Approved,5,1716,291
2009,MOH,HTH,Denied,3,1716,174
2009,MOH,MVH,Approved,19,1716,1107
2009,MOH,OLH,Approved,35,1716,2039
2009,MOH,ORH,Approved,33,1716,1923
2009,MOH,SOH,Approved,36,1716,2097
2009,MOH,SUH,Approved,5,1716,291
2009,MOH,SYH,Approved,110,1716,6410
2009,MOH,SYH,Denied,12,1716,699
2009,MOH,SYH,Pending,3,1716,174
2009,MOM,BVM,Approved,4,946,422
2009,MOM,BVM,Denied,3,946,317
2009,MOM,CPM,Approved,16,946,1691
2009,MOM,CPM,Denied,1,946,105
2009,MOM,CVM,Approved,16,946,1691
2009,MOM,CVM,Denied,3,946,317
2009,MOM,CVM,Pending,1,946,105
2009,MOM,ELM,Approved,2,946,211
2009,MOM,ELM,Denied,3,946,317
2009,MOM,HTM,Approved,26,946,2748
2009,MOM,HTM,Denied,3,946,317
2009,MOM,MVM,Approved,13,946,1374
2009,MOM,MVM,Denied,5,946,528
2009,MOM,RDM,Approved,16,946,1691
2009,MOM,RDM,Denied,14,946,1479
2009,MOM,SOM,Approved,10,946,1057
2009,MOM,SOM,Denied,6,946,634
2009,MVH,BVH,Approved,2,1775,112
2009,MVH,BVH,Denied,4,1775,225
2009,MVH,CPH,Approved,4,1775,225
2009,MVH,CVH,Approved,7,1775,394
2009,MVH,CVH,Denied,4,1775,225
2009,MVH,ELH,Approved,1,1775,56
2009,MVH,GJH,Approved,1,1775,56
2009,MVH,HTH,Approved,3,1775,169
2009,MVH,MOH,Approved,40,1775,2253
2009,MVH,MOH,Denied,1,1775,56
2009,MVH,OLH,Approved,4,1775,225
2009,MVH,ORH,Approved,7,1775,394
2009,MVH,SAILS,Pending,1,1775,56
2009,MVH,SOH,Approved,40,1775,2253
2009,MVH,SOH,Denied,8,1775,450
2009,MVH,SUH,Approved,2,1775,112
2009,MVH,SUH,Denied,1,1775,56
2009,MVH,SYH,Approved,14,1775,788
2009,MVM,BVM,Approved,3,1081,277
2009,MVM,BVM,Denied,1,1081,92
2009,MVM,CPM,Approved,2,1081,185
2009,MVM,CPM,Denied,1,1081,92
2009,MVM,CVM,Approved,23,1081,2127
2009,MVM,CVM,Denied,3,1081,277
2009,MVM,ELM,Approved,2,1081,185
2009,MVM,ELM,Denied,1,1081,92
2009,MVM,HTM,Approved,11,1081,1017
2009,MVM,HTM,Denied,1,1081,92
2009,MVM,MOM,Approved,15,1081,1387
2009,MVM,MOM,Denied,3,1081,277
2009,MVM,RDM,Denied,1,1081,92
2009,MVM,SOM,Approved,12,1081,1110
2009,MVM,SOM,Denied,4,1081,370
2009,NCM,BVM,Approved,2,793,252
2009,NCM,CPM,Approved,4,793,504
2009,NCM,CVM,Approved,11,793,1387
2009,NCM,CVM,Denied,1,793,126
2009,NCM,CVM,Pending,1,793,126
2009,NCM,ELM,Approved,1,793,126
2009,NCM,ELM,Denied,1,793,126
2009,NCM,GJH,Approved,20,793,2522
2009,NCM,GJH,Denied,4,793,504
2009,NCM,HTM,Approved,6,793,756
2009,NCM,MOM,Denied,1,793,126
2009,NCM,MVM,Approved,1,793,126
2009,NCM,RDM,Denied,1,793,126
2009,NCM,SOM,Denied,1,793,126
2009,OLH,BVH,Approved,11,1565,702
2009,OLH,BVH,Denied,4,1565,255
2009,OLH,CPH,Approved,3,1565,191
2009,OLH,ELH,Approved,82,1565,5239
2009,OLH,ELH,Denied,12,1565,766
2009,OLH,ELH,Pending,1,1565,63
2009,OLH,HTH,Approved,3,1565,191
2009,OLH,MOH,Approved,9,1565,575
2009,OLH,MVH,Approved,1,1565,63
2009,OLH,ORH,Approved,126,1565,8051
2009,OLH,ORH,Denied,2,1565,127
2009,OLH,SOH,Approved,1,1565,63
2009,OLH,SYH,Approved,19,1565,1214
2009,OLH,SYH,Denied,2,1565,127
2009,ORH,BVH,Approved,54,2705,1996
2009,ORH,BVH,Denied,6,2705,221
2009,ORH,BVH,Pending,2,2705,73
2009,ORH,CPH,Approved,24,2705,887
2009,ORH,CVH,Approved,2,2705,73
2009,ORH,ELH,Approved,33,2705,1219
2009,ORH,ELH,Denied,14,2705,517
2009,ORH,HTH,Approved,30,2705,1109
2009,ORH,MOH,Approved,4,2705,147
2009,ORH,MVH,Approved,3,2705,110
2009,ORH,OLH,Approved,61,2705,2255
2009,ORH,OLH,Denied,2,2705,73
2009,ORH,SOH,Approved,4,2705,147
2009,ORH,SUH,Approved,3,2705,110
2009,ORH,SYH,Approved,7,2705,258
2009,RDM,BVM,Approved,30,1672,1794
2009,RDM,BVM,Denied,5,1672,299
2009,RDM,BVM,Pending,2,1672,119
2009,RDM,CPM,Approved,3,1672,179
2009,RDM,CVM,Approved,1,1672,59
2009,RDM,ELM,Approved,22,1672,1315
2009,RDM,ELM,Denied,13,1672,777
2009,RDM,HTM,Approved,6,1672,358
2009,RDM,HTM,Denied,1,1672,59
2009,RDM,MOM,Approved,2,1672,119
2009,SOH,BVH,Approved,5,1739,287
2009,SOH,BVH,Denied,3,1739,172
2009,SOH,CPH,Approved,8,1739,460
2009,SOH,CVH,Approved,5,1739,287
2009,SOH,CVH,Denied,5,1739,287
2009,SOH,CVH,Pending,1,1739,57
2009,SOH,ELH,Approved,3,1739,172
2009,SOH,ELH,Denied,3,1739,172
2009,SOH,GJH,Approved,2,1739,115
2009,SOH,HTH,Approved,8,1739,460
2009,SOH,HTH,Denied,1,1739,57
2009,SOH,MOH,Approved,107,1739,6152
2009,SOH,MOH,Denied,4,1739,230
2009,SOH,MVH,Approved,47,1739,2702
2009,SOH,MVH,Denied,5,1739,287
2009,SOH,OLH,Approved,24,1739,1380
2009,SOH,ORH,Approved,11,1739,632
2009,SOH,SUH,Denied,1,1739,57
2009,SOH,SYH,Approved,77,1739,4427
2009,SOH,SYH,Denied,3,1739,172
2009,SOM,BVM,Approved,1,711,140
2009,SOM,BVM,Denied,2,711,281
2009,SOM,CPM,Approved,5,711,703
2009,SOM,CVM,Approved,23,711,3234
2009,SOM,CVM,Denied,6,711,843
2009,SOM,ELM,Denied,1,711,140
2009,SOM,HTM,Approved,9,711,1265
2009,SOM,HTM,Denied,1,711,140
2009,SOM,MOM,Approved,22,711,3094
2009,SOM,MOM,Denied,6,711,843
2009,SOM,MVM,Approved,15,711,2109
2009,SOM,MVM,Denied,20,711,2812
2009,SOM,RDM,Approved,2,711,281
2009,SOM,RDM,Denied,2,711,281
2009,SUH,BVH,Approved,12,2456,488
2009,SUH,BVH,Denied,4,2456,162
2009,SUH,CPH,Approved,10,2456,407
2009,SUH,CVH,Approved,19,2456,773
2009,SUH,ELH,Approved,4,2456,162
2009,SUH,ELH,Denied,1,2456,40
2009,SUH,GJH,Approved,14,2456,570
2009,SUH,HTH,Approved,14,2456,570
2009,SUH,HTH,Denied,4,2456,162
2009,SUH,HTH,Pending,1,2456,40
2009,SUH,MOH,Approved,6,2456,244
2009,SUH,OLH,Approved,10,2456,407
2009,SUH,ORH,Approved,10,2456,407
2009,SUH,SOH,Denied,1,2456,40
2009,SUH,SYH,Approved,22,2456,895
2009,SYH,BVH,Approved,12,2392,501
2009,SYH,BVH,Denied,3,2392,125
2009,SYH,CPH,Approved,16,2392,668
2009,SYH,CVH,Approved,4,2392,167
2009,SYH,CVH,Denied,3,2392,125
2009,SYH,ELH,Approved,7,2392,292
2009,SYH,ELH,Denied,4,2392,167
2009,SYH,HTH,Approved,10,2392,418
2009,SYH,HTH,Denied,1,2392,41
2009,SYH,MOH,Approved,89,2392,3720
2009,SYH,MOH,Denied,5,2392,209
2009,SYH,MOH,Pending,1,2392,41
2009,SYH,MVH,Approved,5,2392,209
2009,SYH,MVH,Denied,1,2392,41
2009,SYH,OLH,Approved,25,2392,1045
2009,SYH,OLH,Denied,3,2392,125
2009,SYH,ORH,Approved,36,2392,1505
2009,SYH,ORH,Denied,2,2392,83
2009,SYH,SOH,Approved,39,2392,1630
2009,SYH,SOH,Denied,5,2392,209
2009,SYH,SUH,Approved,6,2392,250
2010,BVH,CPH,Approved,4,2266,176
2010,BVH,CVH,Approved,2,2266,88
2010,BVH,ELH,Approved,40,2266,1765
2010,BVH,ELH,Denied,5,2266,220
2010,BVH,HTH,Approved,12,2266,529
2010,BVH,MVH,Approved,2,2266,88
2010,BVH,OLH,Approved,52,2266,2294
2010,BVH,ORH,Approved,25,2266,1103
2010,BVH,ORH,Denied,6,2266,264
2010,BVH,SOH,Approved,1,2266,44
2010,BVH,SUH,Approved,13,2266,573
2010,BVH,SYH,Approved,1,2266,44
2010,BVM,CPM,Approved,1,1134,88
2010,BVM,CVM,Approved,4,1134,352
2010,BVM,ELM,Approved,13,1134,1146
2010,BVM,ELM,Denied,8,1134,705
2010,BVM,GJH,Approved,6,1134,529
2010,BVM,HTM,Approved,9,1134,793
2010,BVM,NCM,Approved,2,1134,176
2010,BVM,RDM,Approved,19,1134,1675
2010,BVM,RDM,Denied,16,1134,1410
2010,BVM,RDM,Pending,2,1134,176
2010,CPH,BVH,Approved,15,1579,949
2010,CPH,BVH,Denied,4,1579,253
2010,CPH,BVH,Pending,1,1579,63
2010,CPH,CVH,Approved,35,1579,2216
2010,CPH,CVH,Denied,21,1579,1329
2010,CPH,ELH,Approved,19,1579,1203
2010,CPH,ELH,Denied,5,1579,316
2010,CPH,HTH,Approved,49,1579,3103
2010,CPH,HTH,Denied,16,1579,1013
2010,CPH,HTH,Pending,1,1579,63
2010,CPH,MOH,Approved,89,1579,5636
2010,CPH,MOH,Denied,2,1579,126
2010,CPH,MVH,Approved,13,1579,823
2010,CPH,OLH,Approved,62,1579,3926
2010,CPH,OLH,Denied,11,1579,696
2010,CPH,ORH,Approved,41,1579,2596
2010,CPH,ORH,Denied,14,1579,886
2010,CPH,SOH,Approved,9,1579,569
2010,CPH,SOH,Denied,3,1579,189
2010,CPH,SUH,Approved,2,1579,126
2010,CPH,SUH,Pending,1,1579,63
2010,CPH,SYH,Approved,36,1579,2279
2010,CPH,SYH,Denied,2,1579,126
2010,CPM,BVM,Approved,19,1052,1806
2010,CPM,BVM,Denied,20,1052,1901
2010,CPM,CVM,Approved,83,1052,7889
2010,CPM,CVM,Denied,8,1052,760
2010,CPM,CVM,Pending,1,1052,95
2010,CPM,ELM,Approved,3,1052,285
2010,CPM,ELM,Denied,24,1052,2281
2010,CPM,GJH,Approved,4,1052,380
2010,CPM,HTM,Approved,107,1052,10171
2010,CPM,HTM,Pending,3,1052,285
2010,CPM,MOM,Approved,15,1052,1425
2010,CPM,MOM,Denied,1,1052,95
2010,CPM,MVM,Approved,6,1052,570
2010,CPM,NCM,Approved,1,1052,95
2010,CPM,RDM,Approved,40,1052,3802
2010,CPM,RDM,Denied,52,1052,4942
2010,CPM,SOM,Approved,6,1052,570
2010,CVH,BVH,Approved,15,2670,561
2010,CVH,BVH,Denied,9,2670,337
2010,CVH,CPH,Approved,20,2670,749
2010,CVH,CPH,Denied,3,2670,112
2010,CVH,CPH,Pending,1,2670,37
2010,CVH,CVH,Approved,4,2670,149
2010,CVH,ELH,Approved,6,2670,224
2010,CVH,ELH,Denied,5,2670,187
2010,CVH,ELH,Pending,1,2670,37
2010,CVH,GJH,Approved,1,2670,37
2010,CVH,GJH,Denied,1,2670,37
2010,CVH,HTH,Approved,21,2670,786
2010,CVH,HTH,Denied,9,2670,337
2010,CVH,HTH,Pending,1,2670,37
2010,CVH,MOH,Approved,2,2670,74
2010,CVH,MOH,Denied,2,2670,74
2010,CVH,MVH,Approved,3,2670,112
2010,CVH,OLH,Approved,18,2670,674
2010,CVH,OLH,Denied,2,2670,74
2010,CVH,ORH,Approved,5,2670,187
2010,CVH,ORH,Denied,4,2670,149
2010,CVH,SOH,Approved,2,2670,74
2010,CVH,SOH,Denied,1,2670,37
2010,CVH,SUH,Approved,42,2670,1573
2010,CVH,SYH,Approved,16,2670,599
2010,CVM,BVM,Approved,21,1191,1763
2010,CVM,BVM,Denied,3,1191,251
2010,CVM,CPM,Approved,16,1191,1343
2010,CVM,ELM,Approved,1,1191,83
2010,CVM,ELM,Denied,2,1191,167
2010,CVM,GJH,Approved,7,1191,587
2010,CVM,HTM,Approved,56,1191,4701
2010,CVM,HTM,Denied,1,1191,83
2010,CVM,HTM,Pending,1,1191,83
2010,CVM,MOM,Approved,3,1191,251
2010,CVM,MVM,Approved,3,1191,251
2010,CVM,MVM,Pending,1,1191,83
2010,CVM,NCM,Approved,7,1191,587
2010,CVM,RDM,Approved,4,1191,335
2010,CVM,RDM,Denied,5,1191,419
2010,CVM,SOM,Approved,5,1191,419
2010,ELH,BVH,Approved,35,2519,1389
2010,ELH,BVH,Denied,2,2519,79
2010,ELH,BVH,Pending,2,2519,79
2010,ELH,CPH,Approved,8,2519,317
2010,ELH,CVH,Approved,1,2519,39
2010,ELH,ELH,Approved,1,2519,39
2010,ELH,HTH,Approved,1,2519,39
2010,ELH,HTH,Denied,1,2519,39
2010,ELH,MOH,Approved,2,2519,79
2010,ELH,MVH,Approved,1,2519,39
2010,ELH,OLH,Approved,155,2519,6153
2010,ELH,OLH,Denied,1,2519,39
2010,ELH,ORH,Approved,27,2519,1071
2010,ELH,ORH,Denied,1,2519,39
2010,ELH,SOH,Approved,1,2519,39
2010,ELH,SUH,Approved,1,2519,39
2010,ELH,SYH,Approved,7,2519,277
2010,ELM,BVM,Approved,19,1602,1186
2010,ELM,BVM,Denied,3,1602,187
2010,ELM,HTM,Approved,4,1602,249
2010,ELM,MOM,Approved,1,1602,62
2010,ELM,RDM,Approved,20,1602,1248
2010,ELM,RDM,Denied,2,1602,124
2010,GJH,BVH,Approved,3,1033,290
2010,GJH,BVH,Denied,1,1033,96
2010,GJH,BVH,Pending,1,1033,96
2010,GJH,BVM,Approved,5,1033,484
2010,GJH,CPH,Approved,2,1033,193
2010,GJH,CPM,Approved,2,1033,193
2010,GJH,CVM,Approved,12,1033,1161
2010,GJH,ELH,Approved,1,1033,96
2010,GJH,ELM,Denied,1,1033,96
2010,GJH,HTH,Approved,3,1033,290
2010,GJH,HTM,Approved,17,1033,1645
2010,GJH,HTM,Pending,1,1033,96
2010,GJH,MOM,Approved,3,1033,290
2010,GJH,MVH,Approved,1,1033,96
2010,GJH,MVM,Approved,1,1033,96
2010,GJH,NCM,Approved,51,1033,4937
2010,GJH,NCM,Denied,1,1033,96
2010,GJH,RDM,Approved,1,1033,96
2010,GJH,RDM,Denied,1,1033,96
2010,GJH,SOM,Approved,1,1033,96
2010,GJH,SUH,Approved,51,1033,4937
2010,GJH,SUH,Denied,5,1033,484
2010,HTH,BVH,Approved,21,2205,952
2010,HTH,BVH,Denied,8,2205,362
2010,HTH,CPH,Approved,32,2205,1451
2010,HTH,CPH,Denied,2,2205,90
2010,HTH,CVH,Approved,24,2205,1088
2010,HTH,CVH,Denied,13,2205,589
2010,HTH,ELH,Approved,29,2205,1315
2010,HTH,ELH,Denied,2,2205,90
2010,HTH,MOH,Approved,6,2205,272
2010,HTH,MVH,Approved,3,2205,136
2010,HTH,OLH,Approved,25,2205,1133
2010,HTH,ORH,Approved,36,2205,1632
2010,HTH,ORH,Denied,9,2205,408
2010,HTH,SOH,Approved,2,2205,90
2010,HTH,SOH,Denied,2,2205,90
2010,HTH,SUH,Approved,10,2205,453
2010,HTH,SYH,Approved,5,2205,226
2010,HTM,BVM, Approved,1,1129,88
2010,HTM,BVM,Approved,16,1129,1417
2010,HTM,BVM,Denied,10,1129,885
2010,HTM,BVM,Pending,1,1129,88
2010,HTM,CPM,Approved,28,1129,2480
2010,HTM,CVM,Approved,15,1129,1328
2010,HTM,ELM,Approved,7,1129,620
2010,HTM,ELM,Denied,2,1129,177
2010,HTM,GJH,Approved,1,1129,88
2010,HTM,MOM,Approved,1,1129,88
2010,HTM,MVM,Approved,1,1129,88
2010,HTM,NCM,Approved,2,1129,177
2010,HTM,RDM,Approved,21,1129,1860
2010,HTM,RDM,Denied,20,1129,1771
2010,MOH,BVH,Approved,8,1637,488
2010,MOH,BVH,Denied,3,1637,183
2010,MOH,CPH,Approved,35,1637,2138
2010,MOH,CVH,Approved,22,1637,1343
2010,MOH,CVH,Denied,12,1637,733
2010,MOH,ELH,Approved,5,1637,305
2010,MOH,ELH,Denied,1,1637,61
2010,MOH,HTH,Approved,8,1637,488
2010,MOH,HTH,Denied,1,1637,61
2010,MOH,HTH,Pending,1,1637,61
2010,MOH,MVH,Approved,34,1637,2076
2010,MOH,OLH,Approved,58,1637,3543
2010,MOH,OLH,Denied,4,1637,244
2010,MOH,ORH,Approved,20,1637,1221
2010,MOH,ORH,Denied,9,1637,549
2010,MOH,SOH,Approved,15,1637,916
2010,MOH,SOH,Denied,3,1637,183
2010,MOH,SUH,Approved,5,1637,305
2010,MOH,SYH,Approved,114,1637,6963
2010,MOH,SYH,Pending,3,1637,183
2010,MOM,BVM,Approved,11,886,1241
2010,MOM,BVM,Denied,2,886,225
2010,MOM,CPM,Approved,14,886,1580
2010,MOM,CPM,Denied,1,886,112
2010,MOM,CVM,Approved,34,886,3837
2010,MOM,CVM,Denied,1,886,112
2010,MOM,ELM,Approved,2,886,225
2010,MOM,ELM,Denied,11,886,1241
2010,MOM,GJH,Approved,4,886,451
2010,MOM,HTM,Approved,19,886,2144
2010,MOM,HTM,Pending,1,886,112
2010,MOM,MVM,Approved,10,886,1128
2010,MOM,MVM,Pending,1,886,112
2010,MOM,NCM,Approved,3,886,338
2010,MOM,RDM,Approved,11,886,1241
2010,MOM,RDM,Denied,18,886,2031
2010,MOM,SOM,Approved,25,886,2821
2010,MVH,BVH,Approved,4,1697,235
2010,MVH,BVH,Denied,1,1697,58
2010,MVH,CPH,Approved,7,1697,412
2010,MVH,CPH,Denied,1,1697,58
2010,MVH,CVH,Approved,11,1697,648
2010,MVH,CVH,Denied,3,1697,176
2010,MVH,CVH,Pending,1,1697,58
2010,MVH,ELH,Approved,7,1697,412
2010,MVH,GJH,Approved,1,1697,58
2010,MVH,HTH,Approved,2,1697,117
2010,MVH,HTH,Denied,1,1697,58
2010,MVH,MOH,Approved,67,1697,3948
2010,MVH,MOH,Denied,1,1697,58
2010,MVH,OLH,Approved,11,1697,648
2010,MVH,OLH,Denied,3,1697,176
2010,MVH,ORH,Approved,11,1697,648
2010,MVH,ORH,Denied,2,1697,117
2010,MVH,SOH,Approved,32,1697,1885
2010,MVH,SOH,Denied,4,1697,235
2010,MVH,SUH,Approved,4,1697,235
2010,MVH,SYH,Approved,13,1697,766
2010,MVH,SYH,Denied,1,1697,58
2010,MVH,SYH,Pending,1,1697,58
2010,MVM,BVM,Approved,4,1061,377
2010,MVM,BVM,Denied,4,1061,377
2010,MVM,CPM,Approved,10,1061,942
2010,MVM,CVM,Approved,30,1061,2827
2010,MVM,CVM,Denied,2,1061,188
2010,MVM,ELM,Approved,1,1061,94
2010,MVM,ELM,Denied,3,1061,282
2010,MVM,GJH,Approved,2,1061,188
2010,MVM,HTM,Approved,12,1061,1131
2010,MVM,MOM,Approved,13,1061,1225
2010,MVM,MOM,Pending,1,1061,94
2010,MVM,RDM,Approved,1,1061,94
2010,MVM,RDM,Denied,3,1061,282
2010,MVM,SOM,Approved,22,1061,2073
2010,NCM,BVM,Approved,6,731,820
2010,NCM,BVM,Denied,3,731,410
2010,NCM,CPM,Approved,6,731,820
2010,NCM,CVM,Approved,21,731,2872
2010,NCM,CVM,Pending,1,731,136
2010,NCM,GJH,Approved,31,731,4240
2010,NCM,HTM,Approved,7,731,957
2010,NCM,MOM,Approved,1,731,136
2010,NCM,SOM,Approved,1,731,136
2010,NCM,SUH,Approved,1,731,136
2010,OLH,BVH,Approved,12,1732,692
2010,OLH,BVH,Denied,2,1732,115
2010,OLH,CPH,Approved,3,1732,173
2010,OLH,CVH,Approved,4,1732,230
2010,OLH,ELH,Approved,127,1732,7332
2010,OLH,ELH,Denied,22,1732,1270
2010,OLH,ELH,Pending,1,1732,57
2010,OLH,HTH,Approved,1,1732,57
2010,OLH,HTH,Denied,3,1732,173
2010,OLH,MOH,Approved,11,1732,635
2010,OLH,MVH,Approved,2,1732,115
2010,OLH,ORH,Approved,69,1732,3983
2010,OLH,ORH,Denied,22,1732,1270
2010,OLH,SOH,Approved,3,1732,173
2010,OLH,SUH,Approved,1,1732,57
2010,OLH,SYH,Approved,12,1732,692
2010,ORH,BVH,Approved,42,2721,1543
2010,ORH,BVH,Denied,9,2721,330
2010,ORH,BVH,Pending,1,2721,36
2010,ORH,CPH,Approved,17,2721,624
2010,ORH,CVH,Approved,7,2721,257
2010,ORH,CVH,Denied,2,2721,73
2010,ORH,ELH,Approved,72,2721,2646
2010,ORH,ELH,Denied,9,2721,330
2010,ORH,ELH,Pending,1,2721,36
2010,ORH,HTH,Approved,25,2721,918
2010,ORH,HTH,Denied,2,2721,73
2010,ORH,MOH,Approved,3,2721,110
2010,ORH,MOH,Pending,1,2721,36
2010,ORH,MVH,Approved,4,2721,147
2010,ORH,OLH,Approved,170,2721,6247
2010,ORH,OLH,Denied,4,2721,147
2010,ORH,SOH,Approved,2,2721,73
2010,ORH,SUH,Approved,4,2721,147
2010,ORH,SYH,Approved,7,2721,257
2010,RDM,BVM,Approved,24,1633,1469
2010,RDM,BVM,Denied,5,1633,306
2010,RDM,CPM,Approved,4,1633,244
2010,RDM,CVM,Approved,7,1633,428
2010,RDM,CVM,Denied,1,1633,61
2010,RDM,ELM,Approved,22,1633,1347
2010,RDM,ELM,Denied,18,1633,1102
2010,RDM,HTM,Approved,3,1633,183
2010,RDM,HTM,Pending,1,1633,61
2010,RDM,MVM,Approved,3,1633,183
2010,RDM,NCM,Approved,1,1633,61
2010,SOH,BVH,Approved,8,1718,465
2010,SOH,CPH,Approved,11,1718,640
2010,SOH,CVH,Approved,14,1718,814
2010,SOH,CVH,Denied,3,1718,174
2010,SOH,ELH,Approved,5,1718,291
2010,SOH,ELH,Denied,2,1718,116
2010,SOH,ELH,Pending,1,1718,58
2010,SOH,HTH,Approved,14,1718,814
2010,SOH,MOH,Approved,111,1718,6461
2010,SOH,MOH,Denied,4,1718,232
2010,SOH,MOH,Pending,1,1718,58
2010,SOH,MVH,Approved,80,1718,4656
2010,SOH,MVH,Denied,4,1718,232
2010,SOH,OLH,Approved,35,1718,2037
2010,SOH,OLH,Denied,4,1718,232
2010,SOH,ORH,Approved,6,1718,349
2010,SOH,SOH,Approved,1,1718,58
2010,SOH,SUH,Approved,3,1718,174
2010,SOH,SYH,Approved,110,1718,6402
2010,SOH,SYH,Denied,1,1718,58
2010,SOH,SYH,Pending,1,1718,58
2010,SOM,BVM,Approved,4,635,629
2010,SOM,BVM,Denied,2,635,314
2010,SOM,CPM,Approved,10,635,1574
2010,SOM,CVM,Approved,23,635,3622
2010,SOM,CVM,Denied,3,635,472
2010,SOM,ELM,Approved,1,635,157
2010,SOM,ELM,Denied,3,635,472
2010,SOM,HTM,Approved,10,635,1574
2010,SOM,MOM,Approved,23,635,3622
2010,SOM,MVM,Approved,21,635,3307
2010,SOM,MVM,Denied,3,635,472
2010,SOM,MVM,Pending,4,635,629
2010,SOM,RDM,Approved,5,635,787
2010,SOM,RDM,Denied,6,635,944
2010,SUH,BVH,Approved,16,2440,655
2010,SUH,BVH,Denied,5,2440,204
2010,SUH,BVH,Pending,1,2440,40
2010,SUH,CPH,Approved,11,2440,450
2010,SUH,CPH,Pending,1,2440,40
2010,SUH,CVH,Approved,19,2440,778
2010,SUH,CVH,Denied,7,2440,286
2010,SUH,ELH,Approved,2,2440,81
2010,SUH,ELH,Denied,2,2440,81
2010,SUH,GJH,Approved,14,2440,573
2010,SUH,HTH,Approved,24,2440,983
2010,SUH,HTH,Denied,5,2440,204
2010,SUH,HTH,Pending,1,2440,40
2010,SUH,MOH,Approved,14,2440,573
2010,SUH,MVH,Approved,3,2440,122
2010,SUH,OLH,Approved,14,2440,573
2010,SUH,OLH,Denied,2,2440,81
2010,SUH,ORH,Approved,4,2440,163
2010,SUH,SOH,Approved,2,2440,81
2010,SUH,SYH,Approved,7,2440,286
2010,SYH,BVH,Approved,12,2464,487
2010,SYH,BVH,Denied,3,2464,121
2010,SYH,CPH,Approved,18,2464,730
2010,SYH,CVH,Approved,15,2464,608
2010,SYH,CVH,Denied,8,2464,324
2010,SYH,ELH,Approved,7,2464,284
2010,SYH,ELH,Denied,5,2464,202
2010,SYH,HTH,Approved,3,2464,121
2010,SYH,HTH,Denied,3,2464,121
2010,SYH,MOH,Approved,93,2464,3774
2010,SYH,MOH,Denied,5,2464,202
2010,SYH,MVH,Approved,17,2464,689
2010,SYH,MVH,Denied,2,2464,81
2010,SYH,OLH,Approved,49,2464,1988
2010,SYH,OLH,Denied,15,2464,608
2010,SYH,ORH,Approved,25,2464,1014
2010,SYH,ORH,Denied,13,2464,527
2010,SYH,SOH,Approved,29,2464,1176
2010,SYH,SOH,Denied,6,2464,243
2010,SYH,SUH,Approved,7,2464,284
2011,BVH,CPH,Approved,12,2307,520
2011,BVH,ELH,Approved,61,2307,2644
2011,BVH,ELH,Denied,1,2307,43
2011,BVH,HTH,Approved,15,2307,650
2011,BVH,HTH,Denied,1,2307,43
2011,BVH,MOH,Approved,4,2307,173
2011,BVH,MVH,Approved,2,2307,86
2011,BVH,OLH,Approved,47,2307,2037
2011,BVH,ORH,Approved,52,2307,2254
2011,BVH,ORH,Denied,1,2307,43
2011,BVH,SOH,Approved,1,2307,43
2011,BVH,SUH,Approved,6,2307,260
2011,BVH,SYH,Approved,1,2307,43
2011,BVM,CPM,Approved,1,1080,92
2011,BVM,CVM,Approved,3,1080,277
2011,BVM,ELM,Approved,29,1080,2685
2011,BVM,GJH,Approved,1,1080,92
2011,BVM,HTM,Approved,11,1080,1018
2011,BVM,MOM,Approved,2,1080,185
2011,BVM,NCM,Approved,3,1080,277
2011,BVM,RDM,Approved,47,1080,4351
2011,CPH,BVH,Approved,21,1657,1267
2011,CPH,BVH,Denied,11,1657,663
2011,CPH,CVH,Approved,73,1657,4405
2011,CPH,CVH,Denied,1,1657,60
2011,CPH,ELH,Approved,9,1657,543
2011,CPH,ELH,Denied,1,1657,60
2011,CPH,HTH,Approved,91,1657,5491
2011,CPH,HTH,Denied,2,1657,120
2011,CPH,MOH,Approved,81,1657,4888
2011,CPH,MOH,Denied,1,1657,60
2011,CPH,MVH,Approved,5,1657,301
2011,CPH,OLH,Approved,38,1657,2293
2011,CPH,OLH,Denied,2,1657,120
2011,CPH,ORH,Approved,94,1657,5672
2011,CPH,SOH,Approved,12,1657,724
2011,CPH,SUH,Approved,14,1657,844
2011,CPH,SYH,Approved,31,1657,1870
2011,CPH,SYH,Denied,1,1657,60
2011,CPM,BVM,Approved,40,1023,3910
2011,CPM,CVM,Approved,109,1023,10654
2011,CPM,CVM,Denied,1,1023,97
2011,CPM,ELM,Approved,23,1023,2248
2011,CPM,GJH,Approved,5,1023,488
2011,CPM,HTM,Approved,162,1023,15835
2011,CPM,MOM,Approved,33,1023,3225
2011,CPM,MVM,Approved,8,1023,782
2011,CPM,NCM,Approved,1,1023,97
2011,CPM,RDM,Approved,99,1023,9677
2011,CPM,SOM,Approved,5,1023,488
2011,CVH,BVH,Approved,9,2698,333
2011,CVH,BVH,Denied,6,2698,222
2011,CVH,CPH,Approved,29,2698,1074
2011,CVH,ELH,Approved,5,2698,185
2011,CVH,ELH,Denied,1,2698,37
2011,CVH,GJH,Approved,1,2698,37
2011,CVH,HTH,Approved,37,2698,1371
2011,CVH,HTH,Denied,2,2698,74
2011,CVH,MOH,Approved,4,2698,148
2011,CVH,MVH,Approved,4,2698,148
2011,CVH,OLH,Approved,21,2698,778
2011,CVH,ORH,Approved,28,2698,1037
2011,CVH,ORH,Denied,1,2698,37
2011,CVH,SOH,Approved,6,2698,222
2011,CVH,SUH,Approved,29,2698,1074
2011,CVH,SUH,Denied,1,2698,37
2011,CVH,SYH,Approved,18,2698,667
2011,CVM,BVM,Approved,31,1051,2949
2011,CVM,BVM,Denied,1,1051,95
2011,CVM,CPM,Approved,27,1051,2568
2011,CVM,ELM,Approved,8,1051,761
2011,CVM,GJH,Approved,5,1051,475
2011,CVM,HTM,Approved,83,1051,7897
2011,CVM,HTM,Denied,1,1051,95
2011,CVM,MOM,Approved,4,1051,380
2011,CVM,NCM,Approved,10,1051,951
2011,CVM,RDM,Approved,12,1051,1141
2011,CVM,SOM,Approved,3,1051,285
2011,ELH,BVH,Approved,32,2692,1188
2011,ELH,BVH,Denied,7,2692,260
2011,ELH,BVH,Pending,1,2692,37
2011,ELH,CPH,Approved,2,2692,74
2011,ELH,CVH,Approved,1,2692,37
2011,ELH,HTH,Approved,7,2692,260
2011,ELH,MOH,Approved,1,2692,37
2011,ELH,OLH,Approved,69,2692,2563
2011,ELH,ORH,Approved,61,2692,2265
2011,ELH,SOH,Approved,1,2692,37
2011,ELH,SUH,Approved,3,2692,111
2011,ELH,SYH,Approved,3,2692,111
2011,ELM,BVM,Approved,22,1575,1396
2011,ELM,CVM,Approved,2,1575,126
2011,ELM,HTM,Approved,2,1575,126
2011,ELM,ORH,Approved,1,1575,63
2011,ELM,RDM,Approved,20,1575,1269
2011,GJH,BVH,Approved,2,1071,186
2011,GJH,BVH,Denied,2,1071,186
2011,GJH,BVM,Approved,13,1071,1213
2011,GJH,CPM,Approved,1,1071,93
2011,GJH,CVM,Approved,23,1071,2147
2011,GJH,ELM,Approved,3,1071,280
2011,GJH,HTH,Approved,2,1071,186
2011,GJH,HTM,Approved,4,1071,373
2011,GJH,MOM,Approved,1,1071,93
2011,GJH,MVH,Approved,1,1071,93
2011,GJH,MVM,Approved,3,1071,280
2011,GJH,NCM,Approved,60,1071,5602
2011,GJH,OLH,Approved,1,1071,93
2011,GJH,ORH,Approved,2,1071,186
2011,GJH,RDM,Approved,2,1071,186
2011,GJH,SOM,Approved,2,1071,186
2011,GJH,SUH,Approved,72,1071,6722
2011,GJH,SYH,Approved,2,1071,186
2011,GJH,SYH,Pending,1,1071,93
2011,HTH,BVH,Approved,20,2106,949
2011,HTH,BVH,Denied,6,2106,284
2011,HTH,CPH,Approved,30,2106,1424
2011,HTH,CPH,Denied,1,2106,47
2011,HTH,CVH,Approved,18,2106,854
2011,HTH,ELH,Approved,21,2106,997
2011,HTH,MOH,Approved,4,2106,189
2011,HTH,MVH,Approved,1,2106,47
2011,HTH,OLH,Approved,18,2106,854
2011,HTH,OLH,Denied,1,2106,47
2011,HTH,OLH,Pending,1,2106,47
2011,HTH,ORH,Approved,53,2106,2516
2011,HTH,SOH,Approved,3,2106,142
2011,HTH,SUH,Approved,5,2106,237
2011,HTH,SUH,Denied,1,2106,47
2011,HTH,SYH,Approved,5,2106,237
2011,HTM,BVM,Approved,44,1071,4108
2011,HTM,CPM,Approved,27,1071,2521
2011,HTM,CVM,Approved,42,1071,3921
2011,HTM,ELM,Approved,17,1071,1587
2011,HTM,GJH,Approved,4,1071,373
2011,HTM,MOM,Approved,4,1071,373
2011,HTM,MVM,Approved,1,1071,93
2011,HTM,NCM,Approved,1,1071,93
2011,HTM,RDM,Approved,56,1071,5228
2011,HTM,SOM,Approved,1,1071,93
2011,MOH,BVH,Approved,6,1680,357
2011,MOH,BVH,Denied,1,1680,59
2011,MOH,CPH,Approved,25,1680,1488
2011,MOH,CVH,Approved,14,1680,833
2011,MOH,ELH,Approved,5,1680,297
2011,MOH,HTH,Approved,19,1680,1130
2011,MOH,MVH,Approved,14,1680,833
2011,MOH,MVH,Denied,1,1680,59
2011,MOH,OLH,Approved,32,1680,1904
2011,MOH,OLH,Denied,1,1680,59
2011,MOH,ORH,Approved,46,1680,2738
2011,MOH,SOH,Approved,50,1680,2976
2011,MOH,SUH,Approved,5,1680,297
2011,MOH,SYH,Approved,81,1680,4821
2011,MOH,SYH,Denied,1,1680,59
2011,MOM,BVM,Approved,12,864,1388
2011,MOM,CPM,Approved,13,864,1504
2011,MOM,CVM,Approved,25,864,2893
2011,MOM,ELM,Approved,12,864,1388
2011,MOM,GJH,Approved,1,864,115
2011,MOM,HTM,Approved,22,864,2546
2011,MOM,MVM,Approved,23,864,2662
2011,MOM,RDM,Approved,37,864,4282
2011,MOM,SOM,Approved,26,864,3009
2011,MVH,BVH,Approved,3,1582,189
2011,MVH,BVH,Denied,5,1582,316
2011,MVH,CPH,Approved,10,1582,632
2011,MVH,CVH,Approved,18,1582,1137
2011,MVH,ELH,Approved,5,1582,316
2011,MVH,HTH,Approved,15,1582,948
2011,MVH,MOH,Approved,75,1582,4740
2011,MVH,MVH,Approved,1,1582,63
2011,MVH,OLH,Approved,14,1582,884
2011,MVH,ORH,Approved,25,1582,1580
2011,MVH,SAILS,Approved,1,1582,63
2011,MVH,SOH,Approved,104,1582,6573
2011,MVH,SUH,Approved,1,1582,63
2011,MVH,SYH,Approved,16,1582,1011
2011,MVH,SYH,Denied,1,1582,63
2011,MVM,BVM,Approved,10,1063,940
2011,MVM,BVM,Denied,1,1063,94
2011,MVM,CPM,Approved,9,1063,846
2011,MVM,CVM,Approved,26,1063,2445
2011,MVM,ELM,Approved,6,1063,564
2011,MVM,GJH,Approved,2,1063,188
2011,MVM,HTM,Approved,18,1063,1693
2011,MVM,MOM,Approved,18,1063,1693
2011,MVM,MVM,Approved,1,1063,94
2011,MVM,NCM,Approved,1,1063,94
2011,MVM,RDM,Approved,8,1063,752
2011,MVM,SOM,Approved,21,1063,1975
2011,NCM,BVM,Approved,18,704,2556
2011,NCM,CPM,Approved,2,704,284
2011,NCM,CVM,Approved,19,704,2698
2011,NCM,GJH,Approved,37,704,5255
2011,NCM,HTM,Approved,12,704,1704
2011,NCM,MOM,Approved,2,704,284
2011,NCM,RDM,Approved,4,704,568
2011,OLH,BVH,Approved,12,1748,686
2011,OLH,BVH,Denied,1,1748,57
2011,OLH,CPH,Approved,4,1748,228
2011,OLH,CVH,Approved,3,1748,171
2011,OLH,ELH,Approved,120,1748,6864
2011,OLH,ELH,Denied,2,1748,114
2011,OLH,GJH,Approved,1,1748,57
2011,OLH,HTH,Approved,9,1748,514
2011,OLH,MOH,Approved,6,1748,343
2011,OLH,MVH,Approved,1,1748,57
2011,OLH,ORH,Approved,179,1748,10240
2011,OLH,SUH,Approved,3,1748,171
2011,OLH,SYH,Approved,3,1748,171
2011,ORH,BVH,Approved,34,2654,1281
2011,ORH,BVH,Denied,10,2654,376
2011,ORH,CPH,Approved,30,2654,1130
2011,ORH,CVH,Approved,8,2654,301
2011,ORH,ELH,Approved,49,2654,1846
2011,ORH,GJH,Approved,1,2654,37
2011,ORH,HTH,Approved,47,2654,1770
2011,ORH,HTH,Denied,1,2654,37
2011,ORH,MOH,Approved,6,2654,226
2011,ORH,OLH,Approved,122,2654,4596
2011,ORH,OLH,Pending,1,2654,37
2011,ORH,SOH,Approved,5,2654,188
2011,ORH,SUH,Approved,2,2654,75
2011,ORH,SYH,Approved,7,2654,263
2011,RDM,BVM,Approved,24,1583,1516
2011,RDM,BVM,Denied,1,1583,63
2011,RDM,CPM,Approved,3,1583,189
2011,RDM,ELM,Approved,53,1583,3348
2011,RDM,GJH,Approved,1,1583,63
2011,RDM,HTM,Approved,10,1583,631
2011,RDM,HTM,Denied,1,1583,63
2011,RDM,MVM,Approved,2,1583,126
2011,SOH,BVH,Approved,3,1675,179
2011,SOH,BVH,Denied,1,1675,59
2011,SOH,CPH,Approved,13,1675,776
2011,SOH,CVH,Approved,11,1675,656
2011,SOH,ELH,Approved,13,1675,776
2011,SOH,HTH,Approved,3,1675,179
2011,SOH,MOH,Approved,135,1675,8059
2011,SOH,MOH,Denied,1,1675,59
2011,SOH,MVH,Approved,71,1675,4238
2011,SOH,MVH,Denied,1,1675,59
2011,SOH,OLH,Approved,16,1675,955
2011,SOH,OLH,Denied,2,1675,119
2011,SOH,ORH,Approved,20,1675,1194
2011,SOH,SUH,Approved,5,1675,298
2011,SOH,SYH,Approved,107,1675,6388
2011,SOM,BVM,Approved,4,595,672
2011,SOM,CPM,Approved,3,595,504
2011,SOM,CVM,Approved,18,595,3025
2011,SOM,ELM,Approved,5,595,840
2011,SOM,HTM,Approved,15,595,2521
2011,SOM,MOM,Approved,43,595,7226
2011,SOM,MVM,Approved,28,595,4705
2011,SOM,NCM,Approved,3,595,504
2011,SOM,RDM,Approved,5,595,840
2011,SUH,BVH,Approved,12,2422,495
2011,SUH,BVH,Denied,6,2422,247
2011,SUH,CPH,Approved,9,2422,371
2011,SUH,CVH,Approved,8,2422,330
2011,SUH,CVH,Denied,1,2422,41
2011,SUH,ELH,Approved,3,2422,123
2011,SUH,ELH,Denied,1,2422,41
2011,SUH,GJH,Approved,10,2422,412
2011,SUH,HTH,Approved,18,2422,743
2011,SUH,MOH,Approved,6,2422,247
2011,SUH,MVH,Approved,4,2422,165
2011,SUH,OLH,Approved,5,2422,206
2011,SUH,ORH,Approved,9,2422,371
2011,SUH,SOH,Approved,6,2422,247
2011,SUH,SYH,Approved,6,2422,247
2011,SYH,BVH,Approved,7,2364,296
2011,SYH,BVH,Denied,6,2364,253
2011,SYH,CPH,Approved,24,2364,1015
2011,SYH,CVH,Approved,16,2364,676
2011,SYH,CVH,Denied,1,2364,42
2011,SYH,ELH,Approved,31,2364,1311
2011,SYH,ELH,Denied,3,2364,126
2011,SYH,HTH,Approved,10,2364,423
2011,SYH,MOH,Approved,111,2364,4695
2011,SYH,MVH,Approved,13,2364,549
2011,SYH,OLH,Approved,44,2364,1861
2011,SYH,ORH,Approved,77,2364,3257
2011,SYH,SOH,Approved,92,2364,3891
2011,SYH,SUH,Approved,3,2364,126
2012,BVH,CPH,Approved,12,2565,467
2012,BVH,ELH,Approved,61,2565,2378
2012,BVH,ELH,Denied,1,2565,38
2012,BVH,HTH,Approved,14,2565,545
2012,BVH,HTH,Denied,1,2565,38
2012,BVH,MOH,Approved,4,2565,155
2012,BVH,MVH,Approved,1,2565,38
2012,BVH,OLH,Approved,47,2565,1832
2012,BVH,ORH,Approved,53,2565,2066
2012,BVH,ORH,Denied,1,2565,38
2012,BVH,SOH,Approved,1,2565,38
2012,BVH,SUH,Approved,6,2565,233
2012,BVH,SYH,Approved,1,2565,38
2012,BVM,CPM,Approved,1,1051,95
2012,BVM,CVM,Approved,3,1051,285
2012,BVM,ELM,Approved,29,1051,2759
2012,BVM,GJH,Approved,1,1051,95
2012,BVM,HTM,Approved,11,1051,1046
2012,BVM,MOM,Approved,2,1051,190
2012,BVM,NCM,Approved,3,1051,285
2012,BVM,RDM,Approved,48,1051,4567
2012,CPH,BVH,Approved,33,1737,1899
2012,CPH,CVH,Approved,73,1737,4202
2012,CPH,CVH,Denied,1,1737,57
2012,CPH,ELH,Approved,9,1737,518
2012,CPH,ELH,Denied,1,1737,57
2012,CPH,HTH,Approved,89,1737,5123
2012,CPH,HTH,Denied,3,1737,172
2012,CPH,MOH,Approved,81,1737,4663
2012,CPH,MOH,Denied,1,1737,57
2012,CPH,MVH,Approved,5,1737,287
2012,CPH,OLH,Approved,38,1737,2187
2012,CPH,OLH,Denied,2,1737,115
2012,CPH,ORH,Approved,93,1737,5354
2012,CPH,SOH,Approved,12,1737,690
2012,CPH,SUH,Approved,12,1737,690
2012,CPH,SYH,Approved,30,1737,1727
2012,CPH,SYH,Denied,1,1737,57
2012,CPM,BVM,Approved,42,833,5042
2012,CPM,CVM,Approved,110,833,13205
2012,CPM,CVM,Denied,1,833,120
2012,CPM,ELM,Approved,23,833,2761
2012,CPM,GJH,Approved,5,833,600
2012,CPM,HTM,Approved,162,833,19447
2012,CPM,MOM,Approved,33,833,3961
2012,CPM,MVM,Approved,8,833,960
2012,CPM,NCM,Approved,1,833,120
2012,CPM,RDM,Approved,98,833,11764
2012,CPM,SOM,Approved,5,833,600
2012,CVH,BVH,Approved,35,2935,1192
2012,CVH,CPH,Approved,29,2935,988
2012,CVH,ELH,Approved,5,2935,170
2012,CVH,ELH,Denied,1,2935,34
2012,CVH,GJH,Approved,1,2935,34
2012,CVH,HTH,Approved,36,2935,1226
2012,CVH,HTH,Denied,2,2935,68
2012,CVH,MOH,Approved,4,2935,136
2012,CVH,MVH,Approved,4,2935,136
2012,CVH,OLH,Approved,21,2935,715
2012,CVH,ORH,Approved,29,2935,988
2012,CVH,ORH,Denied,1,2935,34
2012,CVH,SOH,Approved,6,2935,204
2012,CVH,SUH,Approved,29,2935,988
2012,CVH,SUH,Denied,1,2935,34
2012,CVH,SYH,Approved,17,2935,579
2012,CVM,BVM,Approved,34,1033,3291
2012,CVM,BVM,Denied,1,1033,96
2012,CVM,CPM,Approved,27,1033,2613
2012,CVM,ELM,Approved,8,1033,774
2012,CVM,GJH,Approved,5,1033,484
2012,CVM,HTM,Approved,82,1033,7938
2012,CVM,MOM,Approved,4,1033,387
2012,CVM,NCM,Approved,10,1033,968
2012,CVM,RDM,Approved,13,1033,1258
2012,CVM,SOM,Approved,3,1033,290
2012,ELH,BVH,Approved,47,3025,1553
2012,ELH,BVH,Denied,1,3025,33
2012,ELH,CPH,Approved,2,3025,66
2012,ELH,CVH,Approved,1,3025,33
2012,ELH,HTH,Approved,7,3025,231
2012,ELH,MOH,Approved,1,3025,33
2012,ELH,OLH,Approved,70,3025,2314
2012,ELH,ORH,Approved,62,3025,2049
2012,ELH,SOH,Approved,1,3025,33
2012,ELH,SUH,Approved,3,3025,99
2012,ELH,SYH,Approved,3,3025,99
2012,ELM,BVM,Approved,21,1716,1223
2012,ELM,CVM,Approved,2,1716,116
2012,ELM,HTM,Approved,2,1716,116
2012,ELM,RDM,Approved,20,1716,1165
2012,GJH,BVH,Approved,7,1059,661
2012,GJH,BVM,Approved,14,1059,1322
2012,GJH,CPM,Approved,1,1059,94
2012,GJH,CVM,Approved,23,1059,2171
2012,GJH,ELM,Approved,3,1059,283
2012,GJH,HTH,Approved,2,1059,188
2012,GJH,HTM,Approved,4,1059,377
2012,GJH,MOM,Approved,1,1059,94
2012,GJH,MVH,Approved,1,1059,94
2012,GJH,MVM,Approved,3,1059,283
2012,GJH,NCM,Approved,60,1059,5665
2012,GJH,OLH,Approved,1,1059,94
2012,GJH,ORH,Approved,2,1059,188
2012,GJH,RDM,Approved,2,1059,188
2012,GJH,SOM,Approved,2,1059,188
2012,GJH,SUH,Approved,71,1059,6704
2012,GJH,SYH,Approved,2,1059,188
2012,GJH,SYH,Pending,1,1059,94
2012,HTH,BVH,Approved,55,2226,2470
2012,HTH,CPH,Approved,30,2226,1347
2012,HTH,CPH,Denied,1,2226,44
2012,HTH,CVH,Approved,18,2226,808
2012,HTH,ELH,Approved,21,2226,943
2012,HTH,MOH,Approved,4,2226,179
2012,HTH,MVH,Approved,1,2226,44
2012,HTH,OLH,Approved,18,2226,808
2012,HTH,OLH,Denied,1,2226,44
2012,HTH,ORH,Approved,53,2226,2380
2012,HTH,SOH,Approved,3,2226,134
2012,HTH,SUH,Approved,5,2226,224
2012,HTH,SYH,Approved,5,2226,224
2012,HTM,BVM,Approved,46,1115,4125
2012,HTM,CPM,Approved,27,1115,2421
2012,HTM,CVM,Approved,42,1115,3766
2012,HTM,ELM,Approved,17,1115,1524
2012,HTM,GJH,Approved,4,1115,358
2012,HTM,MOM,Approved,4,1115,358
2012,HTM,MVM,Approved,1,1115,89
2012,HTM,NCM,Approved,1,1115,89
2012,HTM,RDM,Approved,54,1115,4843
2012,HTM,SOM,Approved,1,1115,89
2012,MOH,BVH,Approved,13,1828,711
2012,MOH,CPH,Approved,25,1828,1367
2012,MOH,CVH,Approved,14,1828,765
2012,MOH,ELH,Approved,5,1828,273
2012,MOH,HTH,Approved,19,1828,1039
2012,MOH,MVH,Approved,13,1828,711
2012,MOH,MVH,Denied,2,1828,109
2012,MOH,OLH,Approved,31,1828,1695
2012,MOH,OLH,Denied,1,1828,54
2012,MOH,ORH,Approved,47,1828,2571
2012,MOH,SOH,Approved,50,1828,2735
2012,MOH,SUH,Approved,5,1828,273
2012,MOH,SYH,Approved,78,1828,4266
2012,MOH,SYH,Pending,1,1828,54
2012,MOM,BVM,Approved,12,872,1376
2012,MOM,CPM,Approved,13,872,1490
2012,MOM,CVM,Approved,24,872,2752
2012,MOM,ELM,Approved,12,872,1376
2012,MOM,GJH,Approved,1,872,114
2012,MOM,HTM,Approved,22,872,2522
2012,MOM,MVM,Approved,23,872,2637
2012,MOM,RDM,Approved,37,872,4243
2012,MOM,SOM,Approved,25,872,2866
2012,MVH,BVH,Approved,8,1732,461
2012,MVH,CPH,Approved,10,1732,577
2012,MVH,CVH,Approved,18,1732,1039
2012,MVH,ELH,Approved,5,1732,288
2012,MVH,HTH,Approved,15,1732,866
2012,MVH,MOH,Approved,75,1732,4330
2012,MVH,NCM,Approved,1,1732,57
2012,MVH,OLH,Approved,14,1732,808
2012,MVH,ORH,Approved,25,1732,1443
2012,MVH,SAILS,Approved,1,1732,57
2012,MVH,SOH,Approved,103,1732,5946
2012,MVH,SUH,Approved,1,1732,57
2012,MVH,SYH,Approved,12,1732,692
2012,MVH,SYH,Denied,1,1732,57
2012,MVM,BVM,Approved,11,1011,1088
2012,MVM,BVM,Denied,1,1011,98
2012,MVM,CPM,Approved,9,1011,890
2012,MVM,CVM,Approved,26,1011,2571
2012,MVM,ELM,Approved,6,1011,593
2012,MVM,GJH,Approved,2,1011,197
2012,MVM,HTM,Approved,18,1011,1780
2012,MVM,MOM,Approved,18,1011,1780
2012,MVM,RDM,Approved,8,1011,791
2012,MVM,SOM,Approved,21,1011,2077
2012,NCM,BVM,Approved,19,769,2470
2012,NCM,CPM,Approved,2,769,260
2012,NCM,CVM,Approved,19,769,2470
2012,NCM,GJH,Approved,37,769,4811
2012,NCM,HTM,Approved,12,769,1560
2012,NCM,MOM,Approved,2,769,260
2012,NCM,RDM,Approved,4,769,520
2012,OLH,BVH,Approved,26,1900,1368
2012,OLH,BVH,Denied,1,1900,52
2012,OLH,CPH,Approved,4,1900,210
2012,OLH,CVH,Approved,3,1900,157
2012,OLH,ELH,Approved,120,1900,6315
2012,OLH,ELH,Denied,2,1900,105
2012,OLH,GJH,Approved,1,1900,52
2012,OLH,HTH,Approved,9,1900,473
2012,OLH,MOH,Approved,6,1900,315
2012,OLH,MVH,Approved,1,1900,52
2012,OLH,ORH,Approved,177,1900,9315
2012,OLH,SUH,Approved,3,1900,157
2012,OLH,SYH,Approved,2,1900,105
2012,ORH,BVH,Approved,68,2789,2438
2012,ORH,CPH,Approved,30,2789,1075
2012,ORH,CVH,Approved,8,2789,286
2012,ORH,ELH,Approved,49,2789,1756
2012,ORH,GJH,Approved,1,2789,35
2012,ORH,HTH,Approved,48,2789,1721
2012,ORH,HTH,Denied,1,2789,35
2012,ORH,MOH,Approved,6,2789,215
2012,ORH,OLH,Approved,121,2789,4338
2012,ORH,SOH,Approved,5,2789,179
2012,ORH,SUH,Approved,2,2789,71
2012,ORH,SYH,Approved,6,2789,215
2012,RDM,BVM,Approved,28,1711,1636
2012,RDM,BVM,Denied,1,1711,58
2012,RDM,CPM,Approved,3,1711,175
2012,RDM,ELM,Approved,53,1711,3097
2012,RDM,GJH,Approved,1,1711,58
2012,RDM,HTM,Approved,10,1711,584
2012,RDM,HTM,Denied,1,1711,58
2012,RDM,MVM,Approved,2,1711,116
2012,SOH,BVH,Approved,18,1827,985
2012,SOH,CPH,Approved,13,1827,711
2012,SOH,CVH,Approved,11,1827,602
2012,SOH,ELH,Approved,13,1827,711
2012,SOH,HTH,Approved,3,1827,164
2012,SOH,MOH,Approved,135,1827,7389
2012,SOH,MOH,Denied,1,1827,54
2012,SOH,MVH,Approved,73,1827,3995
2012,SOH,MVH,Denied,1,1827,54
2012,SOH,OLH,Approved,16,1827,875
2012,SOH,OLH,Denied,2,1827,109
2012,SOH,ORH,Approved,20,1827,1094
2012,SOH,SUH,Approved,5,1827,273
2012,SOH,SYH,Approved,100,1827,5473
2012,SOM,BVM,Approved,4,641,624
2012,SOM,CPM,Approved,3,641,468
2012,SOM,CVM,Approved,18,641,2808
2012,SOM,ELM,Approved,5,641,780
2012,SOM,HTM,Approved,15,641,2340
2012,SOM,MOM,Approved,43,641,6708
2012,SOM,MVM,Approved,29,641,4524
2012,SOM,NCM,Approved,3,641,468
2012,SOM,RDM,Approved,5,641,780
2012,SUH,BVH,Approved,30,2833,1058
2012,SUH,CPH,Approved,9,2833,317
2012,SUH,CVH,Approved,8,2833,282
2012,SUH,CVH,Denied,1,2833,35
2012,SUH,ELH,Approved,3,2833,105
2012,SUH,ELH,Denied,1,2833,35
2012,SUH,GJH,Approved,10,2833,352
2012,SUH,HTH,Approved,18,2833,635
2012,SUH,MOH,Approved,6,2833,211
2012,SUH,MVH,Approved,4,2833,141
2012,SUH,OLH,Approved,5,2833,176
2012,SUH,ORH,Approved,9,2833,317
2012,SUH,SOH,Approved,6,2833,211
2012,SUH,SYH,Approved,5,2833,176
2012,SYH,BVH,Approved,19,2478,766
2012,SYH,CPH,Approved,24,2478,968
2012,SYH,CVH,Approved,16,2478,645
2012,SYH,CVH,Denied,1,2478,40
2012,SYH,ELH,Approved,31,2478,1251
2012,SYH,ELH,Denied,3,2478,121
2012,SYH,HTH,Approved,10,2478,403
2012,SYH,MOH,Approved,111,2478,4479
2012,SYH,MVH,Approved,13,2478,524
2012,SYH,OLH,Approved,43,2478,1735
2012,SYH,OLH,Denied,1,2478,40
2012,SYH,ORH,Approved,76,2478,3066
2012,SYH,SOH,Approved,91,2478,3672
2012,SYH,SOH,Pending,1,2478,40
2012,SYH,SUH,Approved,3,2478,121
2013,BVH,CPH,Approved,5,2397,208
2013,BVH,CVH,Approved,2,2397,83
2013,BVH,ELH,Approved,43,2397,1793
2013,BVH,ELH,Denied,3,2397,125
2013,BVH,HTH,Approved,11,2397,458
2013,BVH,MOH,Approved,4,2397,166
2013,BVH,MVH,Approved,1,2397,41
2013,BVH,OLH,Approved,57,2397,2377
2013,BVH,OLH,Denied,1,2397,41
2013,BVH,ORH,Approved,47,2397,1960
2013,BVH,ORH,Denied,1,2397,41
2013,BVH,SUH,Approved,6,2397,250
2013,BVM,CVM,Approved,2,1136,176
2013,BVM,ELM,Approved,10,1136,880
2013,BVM,ELM,Denied,3,1136,264
2013,BVM,GJH,Approved,2,1136,176
2013,BVM,HTM,Approved,11,1136,968
2013,BVM,MVM,Approved,1,1136,88
2013,BVM,NCM,Approved,1,1136,88
2013,BVM,RDM,Approved,9,1136,792
2013,BVM,RDM,Denied,2,1136,176
2013,BVM,SOM,Approved,1,1136,88
2013,CPH,BVH,Approved,13,1629,798
2013,CPH,BVH,Denied,3,1629,184
2013,CPH,CVH,Approved,61,1629,3744
2013,CPH,ELH,Approved,13,1629,798
2013,CPH,GJH,Approved,2,1629,122
2013,CPH,HTH,Approved,67,1629,4112
2013,CPH,MOH,Approved,76,1629,4665
2013,CPH,MVH,Approved,2,1629,122
2013,CPH,OLH,Approved,53,1629,3253
2013,CPH,ORH,Approved,56,1629,3437
2013,CPH,ORH,Denied,2,1629,122
2013,CPH,SOH,Approved,12,1629,736
2013,CPH,SUH,Approved,2,1629,122
2013,CPH,SYH,Approved,26,1629,1596
2013,CPM,BVM,Approved,68,842,8076
2013,CPM,CVM,Approved,71,842,8432
2013,CPM,ELM,Approved,7,842,831
2013,CPM,ELM,Denied,1,842,118
2013,CPM,GJH,Approved,2,842,237
2013,CPM,HTM,Approved,128,842,15201
2013,CPM,MOM,Approved,12,842,1425
2013,CPM,MVM,Approved,1,842,118
2013,CPM,NCM,Approved,1,842,118
2013,CPM,RDM,Approved,18,842,2137
2013,CPM,RDM,Denied,4,842,475
2013,CPM,SOM,Approved,4,842,475
2013,CVH,BVH,Approved,10,2681,372
2013,CVH,CPH,Approved,16,2681,596
2013,CVH,ELH,Approved,5,2681,186
2013,CVH,GJH,Approved,2,2681,74
2013,CVH,HTH,Approved,56,2681,2088
2013,CVH,MOH,Approved,3,2681,111
2013,CVH,MVH,Approved,5,2681,186
2013,CVH,OLH,Approved,26,2681,969
2013,CVH,ORH,Approved,17,2681,634
2013,CVH,ORH,Denied,2,2681,74
2013,CVH,SOH,Approved,12,2681,447
2013,CVH,SOH,Pending,1,2681,37
2013,CVH,SUH,Approved,43,2681,1603
2013,CVH,SYH,Approved,10,2681,372
2013,CVM,BVM,Approved,29,996,2911
2013,CVM,CPM,Approved,10,996,1004
2013,CVM,ELM,Approved,2,996,200
2013,CVM,GJH,Approved,2,996,200
2013,CVM,HTM,Approved,89,996,8935
2013,CVM,HTM,Denied,1,996,100
2013,CVM,MOM,Approved,4,996,401
2013,CVM,MVM,Approved,3,996,301
2013,CVM,NCM,Approved,7,996,702
2013,CVM,RDM,Approved,3,996,301
2013,ELH,BVH,Approved,22,3040,723
2013,ELH,BVH,Denied,1,3040,32
2013,ELH,CVH,Approved,3,3040,98
2013,ELH,HTH,Approved,3,3040,98
2013,ELH,MOH,Approved,3,3040,98
2013,ELH,OLH,Approved,77,3040,2532
2013,ELH,OLH,Denied,2,3040,65
2013,ELH,ORH,Approved,45,3040,1480
2013,ELH,SOH,Approved,2,3040,65
2013,ELH,SUH,Approved,2,3040,65
2013,ELH,SYH,Approved,2,3040,65
2013,ELM,BVM,Approved,15,1740,862
2013,ELM,CVM,Approved,2,1740,114
2013,ELM,HTM,Approved,1,1740,57
2013,ELM,RDM,Approved,10,1740,574
2013,ELM,RDM,Denied,1,1740,57
2013,ELM,SOM,Approved,1,1740,57
2013,GJH,BVH,Approved,5,999,500
2013,GJH,BVM,Approved,15,999,1501
2013,GJH,CPM,Approved,3,999,300
2013,GJH,CVH,Approved,1,999,100
2013,GJH,CVM,Approved,12,999,1201
2013,GJH,ELM,Approved,3,999,300
2013,GJH,HTH,Approved,4,999,400
2013,GJH,HTM,Approved,10,999,1001
2013,GJH,MVM,Approved,1,999,100
2013,GJH,NCM,Approved,46,999,4604
2013,GJH,NCM,Pending,1,999,100
2013,GJH,OLH,Approved,1,999,100
2013,GJH,RDM,Denied,1,999,100
2013,GJH,SOH,Approved,1,999,100
2013,GJH,SOM,Approved,1,999,100
2013,GJH,SUH,Approved,92,999,9209
2013,HTH,BVH,Approved,20,2213,903
2013,HTH,BVH,Denied,2,2213,90
2013,HTH,CPH,Approved,22,2213,994
2013,HTH,CVH,Approved,32,2213,1446
2013,HTH,ELH,Approved,14,2213,632
2013,HTH,ELH,Denied,1,2213,45
2013,HTH,MOH,Approved,5,2213,225
2013,HTH,MVH,Approved,3,2213,135
2013,HTH,OLH,Approved,34,2213,1536
2013,HTH,ORH,Approved,43,2213,1943
2013,HTH,ORH,Denied,1,2213,45
2013,HTH,SOH,Approved,6,2213,271
2013,HTH,SUH,Approved,12,2213,542
2013,HTH,SYH,Approved,6,2213,271
2013,HTM,BVM,Approved,44,1171,3757
2013,HTM,BVM,Pending,1,1171,85
2013,HTM,CPM,Approved,10,1171,853
2013,HTM,CVM,Approved,39,1171,3330
2013,HTM,ELM,Approved,5,1171,426
2013,HTM,ELM,Denied,1,1171,85
2013,HTM,GJH,Approved,2,1171,170
2013,HTM,MOM,Approved,2,1171,170
2013,HTM,NCM,Approved,2,1171,170
2013,HTM,RDM,Approved,9,1171,768
2013,HTM,RDM,Denied,1,1171,85
2013,MOH,BVH,Approved,4,1719,232
2013,MOH,CPH,Approved,14,1719,814
2013,MOH,CVH,Approved,19,1719,1105
2013,MOH,ELH,Approved,7,1719,407
2013,MOH,GJH,Approved,1,1719,58
2013,MOH,HTH,Approved,16,1719,930
2013,MOH,MVH,Approved,7,1719,407
2013,MOH,OLH,Approved,43,1719,2501
2013,MOH,ORH,Approved,36,1719,2094
2013,MOH,ORH,Denied,3,1719,174
2013,MOH,SOH,Approved,41,1719,2385
2013,MOH,SUH,Approved,5,1719,290
2013,MOH,SYH,Approved,87,1719,5061
2013,MOM,BVM,Approved,29,835,3473
2013,MOM,CPM,Approved,5,835,598
2013,MOM,CVM,Approved,13,835,1556
2013,MOM,ELM,Approved,3,835,359
2013,MOM,GJH,Approved,1,835,119
2013,MOM,HTM,Approved,32,835,3832
2013,MOM,MVM,Approved,9,835,1077
2013,MOM,NCM,Approved,1,835,119
2013,MOM,RDM,Approved,11,835,1317
2013,MOM,SOM,Approved,22,835,2634
2013,MVH,BVH,Approved,5,1670,299
2013,MVH,BVH,Denied,1,1670,59
2013,MVH,CPH,Approved,10,1670,598
2013,MVH,CVH,Approved,9,1670,538
2013,MVH,ELH,Approved,10,1670,598
2013,MVH,HTH,Approved,8,1670,479
2013,MVH,MOH,Approved,66,1670,3952
2013,MVH,OLH,Approved,12,1670,718
2013,MVH,ORH,Approved,17,1670,1017
2013,MVH,SOH,Approved,73,1670,4371
2013,MVH,SUH,Approved,1,1670,59
2013,MVH,SYH,Approved,22,1670,1317
2013,MVM,BVM,Approved,8,919,870
2013,MVM,CPM,Approved,4,919,435
2013,MVM,CVM,Approved,20,919,2176
2013,MVM,ELM,Approved,3,919,326
2013,MVM,ELM,Denied,1,919,108
2013,MVM,GJH,Approved,1,919,108
2013,MVM,HTM,Approved,17,919,1849
2013,MVM,MOM,Approved,19,919,2067
2013,MVM,NCM,Approved,1,919,108
2013,MVM,SOM,Approved,32,919,3482
2013,NCM,BVM,Approved,11,782,1406
2013,NCM,CPM,Approved,1,782,127
2013,NCM,CVM,Approved,11,782,1406
2013,NCM,ELM,Approved,1,782,127
2013,NCM,GJH,Approved,41,782,5242
2013,NCM,HTM,Approved,8,782,1023
2013,NCM,MOM,Approved,1,782,127
2013,NCM,RDM,Denied,1,782,127
2013,NCM,SOM,Approved,1,782,127
2013,OLH,BVH,Approved,23,2193,1048
2013,OLH,BVH,Denied,2,2193,91
2013,OLH,CPH,Approved,2,2193,91
2013,OLH,CVH,Approved,1,2193,45
2013,OLH,ELH,Approved,87,2193,3967
2013,OLH,ELH,Denied,5,2193,227
2013,OLH,HTH,Approved,3,2193,136
2013,OLH,MOH,Approved,5,2193,227
2013,OLH,ORH,Approved,107,2193,4879
2013,OLH,ORH,Denied,2,2193,91
2013,OLH,SUH,Approved,1,2193,45
2013,OLH,SYH,Approved,8,2193,364
2013,ORH,BVH,Approved,48,2685,1787
2013,ORH,BVH,Denied,3,2685,111
2013,ORH,CPH,Approved,23,2685,856
2013,ORH,CVH,Approved,5,2685,186
2013,ORH,ELH,Approved,31,2685,1154
2013,ORH,ELH,Denied,3,2685,111
2013,ORH,HTH,Approved,33,2685,1229
2013,ORH,MOH,Approved,6,2685,223
2013,ORH,MVH,Approved,2,2685,74
2013,ORH,OLH,Approved,154,2685,5735
2013,ORH,OLH,Denied,2,2685,74
2013,ORH,SOH,Approved,2,2685,74
2013,ORH,SYH,Approved,11,2685,409
2013,RDM,BVM,Approved,36,1690,2130
2013,RDM,CPM,Approved,1,1690,59
2013,RDM,ELM,Approved,35,1690,2071
2013,RDM,ELM,Denied,2,1690,118
2013,RDM,HTM,Approved,11,1690,650
2013,RDM,MVM,Approved,1,1690,59
2013,RDM,SOM,Approved,2,1690,118
2013,SOH,BVH,Approved,5,1750,285
2013,SOH,CPH,Approved,6,1750,342
2013,SOH,CVH,Approved,12,1750,685
2013,SOH,ELH,Approved,5,1750,285
2013,SOH,HTH,Approved,16,1750,914
2013,SOH,MOH,Approved,119,1750,6800
2013,SOH,MVH,Approved,82,1750,4685
2013,SOH,OLH,Approved,20,1750,1142
2013,SOH,ORH,Approved,16,1750,914
2013,SOH,SUH,Approved,5,1750,285
2013,SOH,SYH,Approved,105,1750,6000
2013,SOM,BVM,Approved,4,654,611
2013,SOM,CPM,Approved,1,654,152
2013,SOM,CVM,Approved,10,654,1529
2013,SOM,ELM,Approved,3,654,458
2013,SOM,HTM,Approved,12,654,1834
2013,SOM,MOM,Approved,27,654,4128
2013,SOM,MVM,Approved,24,654,3669
2013,SOM,RDM,Approved,1,654,152
2013,SUH,BVH,Approved,24,2751,872
2013,SUH,CPH,Approved,3,2751,109
2013,SUH,CVH,Approved,13,2751,472
2013,SUH,ELH,Approved,4,2751,145
2013,SUH,ELH,Denied,1,2751,36
2013,SUH,GJH,Approved,4,2751,145
2013,SUH,HTH,Approved,18,2751,654
2013,SUH,MOH,Approved,4,2751,145
2013,SUH,MVH,Approved,2,2751,72
2013,SUH,OLH,Approved,11,2751,399
2013,SUH,ORH,Approved,9,2751,327
2013,SUH,SOH,Approved,1,2751,36
2013,SUH,SYH,Approved,8,2751,290
2013,SYH,BVH,Approved,2,2351,85
2013,SYH,BVH,Denied,1,2351,42
2013,SYH,CPH,Approved,17,2351,723
2013,SYH,CVH,Approved,17,2351,723
2013,SYH,ELH,Approved,6,2351,255
2013,SYH,GJH,Approved,1,2351,42
2013,SYH,HTH,Approved,13,2351,552
2013,SYH,MOH,Approved,103,2351,4381
2013,SYH,MVH,Approved,11,2351,467
2013,SYH,OLH,Approved,59,2351,2509
2013,SYH,OLH,Denied,1,2351,42
2013,SYH,ORH,Approved,39,2351,1658
2013,SYH,ORH,Denied,1,2351,42
2013,SYH,SOH,Approved,62,2351,2637
2013,SYH,SUH,Approved,8,2351,340
2013,SYH,SUH,Denied,1,2351,42
